Workbook

Sheet 1월
A1: 1월
A2: 일자 | B2: 요일 | C2: 날씨 | D2: 기온(℃) | F2: 운영시간 | H2: 주간보고 | I2: 일간보고
H3: 매표입장객 | I3: 실입장객
D4: 최저 | E4: 최고 | F4: 개장 | G4: 폐장 | I4: A
A5: 1 | B5: 월 | C5: 구름많음 | D5: 0 | E5: 7 | F5: 10시 | G5: 20시 | H5: 4212 | I5: 5848
A6: 2 | B6: 화 | C6: 흐림 | D6: 2 | E6: 4 | F6: 10시 | G6: 19시 | H6: 1470 | I6: 1753
A7: 3 | B7: 수 | C7: 오전눈(오후비) | D7: -1 | E7: 4 | F7: 10시 | G7: 19시 | H7: 829 | I7: 939
A8: 4 | B8: 목 | C8: 구름많음(미세먼지) | D8: -3 | E8: 5 | F8: 10시 | G8: 19시 | H8: 2160 | I8: 2361
A9: 5 | B9: 금 | C9: 구름조금(미세먼지) | D9: 1 | E9: 9 | F9: 10시 | G9: 19시 | H9: 1855 | I9: 2171
A10: 6 | B10: 토 | C10: 맑음(저녁눈) | D10: -3 | E10: 5 | F10: 10시 | G10: 21시 | H10: 6466 | I10: 8029
A11: 7 | B11: 일 | C11: 맑음 | D11: -8 | E11: -1 | F11: 10시 | G11: 20시 | H11: 2454 | I11: 3496
A12: 8 | B12: 월 | C12: 구름조금 | D12: -10 | E12: 0 | F12: 10시 | G12: 19시 | H12: 567 | I12: 649
A13: 9 | B13: 화 | C13: 눈 | D13: -2 | E13: 0 | F13: 10시 | G13: 19시 | H13: 437 | I13: 481
A14: 10 | B14: 수 | C14: 구름조금(미세먼지) | D14: -4 | E14: 3 | F14: 10시 | G14: 19시 | H14: 921 | I14: 1061
A15: 11 | B15: 목 | C15: 구름많음(미세먼지) | D15: -2 | E15: 5 | F15: 10시 | G15: 19시 | H15: 1464 | I15: 1632
A16: 12 | B16: 금 | C16: 맑음(미세먼지) | D16: -1 | E16: 4 | F16: 10시 | G16: 19시 | H16: 2578 | I16: 2801
... A35: 31 | B35: 수 | C35: 구름조금(미세먼지) | D35: 1 | E35: 11 | F35: 10시 | G35: 19시 | H35: 1660 | I35: 1848
A36: 월 계 | H36: =SUM(H5:H35) -> 78284 | I36: =SUM(I5:I35) -> 92103
A37: 연 계 | H37: =H36 -> 78284 | I37: =I36 -> 92103

Sheet 2월
A1: 2월
A2: 일자 | B2: 요일 | C2: 날씨 | D2: 기온(℃) | F2: 운영시간 | H2: 주간보고 | I2: 일간보고
H3: 매표입장객 | I3: 실입장객
D4: 최저 | E4: 최고 | F4: 개장 | G4: 폐장 | I4: A
A5: 1 | B5: 목 | C5: 구름많음(미세먼지) | D5: -1 | E5: 8 | F5: 10시 | G5: 19시 | H5: 1383 | I5: 1503
A6: 2 | B6: 금 | C6: 구름조금(미세먼지) | D6: 1 | E6: 8 | F6: 10시 | G6: 19시 | H6: 2642 | I6: 2859
A7: 3 | B7: 토 | C7: 비예보(미세먼지) | D7: 0 | E7: 8 | F7: 10시 | G7: 21시 | H7: 6803 | I7: 7915
A8: 4 | B8: 일 | C8: 흐림 | D8: 4 | E8: 12 | F8: 10시 | G8: 20시 | H8: 5367 | I8: 7204
A9: 5 | B9: 월 | C9: 눈/비 | D9: 0 | E9: 7 | F9: 10시 | G9: 19시 | H9: 116 | I9: 146
A10: 6 | B10: 화 | C10: 흐림(한때비) | D10: 0 | E10: 3 | F10: 10시 | G10: 19시 | H10: 917 | I10: 985
A11: 7 | B11: 수 | C11: 구름많음(한때눈) | D11: -1 | E11: 3 | F11: 10시 | G11: 19시 | H11: 856 | I11: 924
A12: 8 | B12: 목 | C12: 맑음(미세먼지) | D12: -3 | E12: 6 | F12: 10시 | G12: 19시 | H12: 1285 | I12: 1458
A13: 9 | B13: 금 | C13: 구름조금(미세먼지) | D13: -2 | E13: 6 | F13: 10시 | G13: 21시 | H13: 3966 | I13: 4792
A14: 10 | B14: 토 | C14: 맑음(미세먼지) | D14: -1 | E14: 7 | F14: 10시 | G14: 21시 | H14: 3763 | I14: 4344
A15: 11 | B15: 일 | C15: 맑음(미세먼지) | D15: -3 | E15: 6 | F15: 10시 | G15: 21시 | H15: 5309 | I15: 6413
A16: 12 | B16: 월 | C16: 맑음(미세먼지) | D16: -3 | E16: 11 | F16: 10시 | G16: 20시 | H16: 6156 | I16: 7341
... A33: 29 | B33: 목 | C33: 구름많음(미세먼지) | D33: 0 | E33: 10 | F33: 10시 | G33: 19시 | H33: 3842 | I33: 4243
H34: 0 | I34: 0
H35: 0 | I35: 0
A36: 월 계 | H36: =SUM(H5:H35) -> 92015 | I36: =SUM(I5:I35) -> 106419
A37: 연 계 | H37: =H36+'1월'!H37 -> 170299 | I37: =I36+'1월'!I37 -> 198522

Sheet 3월
A1: 3월
A2: 일자 | B2: 요일 | C2: 날씨 | D2: 기온(℃) | F2: 운영시간 | H2: 주간보고 | I2: 일간보고
H3: 매표입장객 | I3: 실입장객
D4: 최저 | E4: 최고 | F4: 개장 | G4: 폐장 | I4: A
A5: 1 | B5: 금 | C5: 맑음 | D5: -7 | E5: 0 | F5: 10시 | G5: 21시 | H5: 4134 | I5: 4726
A6: 2 | B6: 토 | C6: 한때눈(비예보) | D6: -8 | E6: 4 | F6: 10시 | G6: 21시 | H6: 2743 | I6: 3293
A7: 3 | B7: 일 | C7: 맑음(미세먼지) | D7: 0 | E7: 8 | F7: 10시 | G7: 20시 | H7: 2493 | I7: 3461
A8: 4 | B8: 월 | C8: 구름조금(미세먼지) | D8: -2 | E8: 12 | F8: 10시 | G8: 20시 | H8: 473 | I8: 629
A9: 5 | B9: 화 | C9: 비예보(흐림) | D9: 6 | E9: 11 | F9: 10시 | G9: 20시 | H9: 75 | I9: 103
A10: 6 | B10: 수 | C10: 구름많음 | D10: 3 | E10: 10 | F10: 10시 | G10: 20시 | H10: 210 | I10: 278
A11: 7 | B11: 목 | C11: 비예보(구름조금) | D11: 1 | E11: 8 | F11: 10시 | G11: 19시 | H11: 143 | I11: 178
A12: 8 | B12: 금 | C12: 맑음 | D12: -1 | E12: 7 | F12: 10시 | G12: 20시 | H12: 246 | I12: 327
A13: 9 | B13: 토 | C13: 맑음 | D13: -2 | E13: 7 | F13: 10시 | G13: 21시 | H13: 2632 | I13: 3535
A14: 10 | B14: 일 | C14: 맑음 | D14: -2 | E14: 11 | F14: 10시 | G14: 20시 | H14: 2883 | I14: 4936
A15: 11 | B15: 월 | C15: 구름많음 | D15: 2 | E15: 11 | F15: 10시 | G15: 19시 | H15: 302 | I15: 357
A16: 12 | B16: 화 | C16: 비 | D16: 4 | E16: 10 | F16: 10시 | G16: 19시 | H16: 71 | I16: 115
... A35: 31 | B35: 일 | C35: 맑음 | D35: 3 | E35: 18 | F35: 10시 | G35: 21시 | H35: 7982 | I35: 10340
A36: 월 계 | H36: =SUM(H5:H35) -> 73964 | I36: =SUM(I5:I35) -> 92758
A37: 연 계 | H37: =H36+'2월'!H37 -> 244263 | I37: =I36+'2월'!I37 -> 291280

Sheet 4월
A1: 4월
A2: 일자 | B2: 요일 | C2: 날씨 | D2: 기온(℃) | F2: 운영시간 | H2: 주간보고 | I2: 일간보고
H3: 매표입장객 | I3: 실입장객
D4: 최저 | E4: 최고 | F4: 개장 | G4: 폐장 | I4: A
A5: 1 | B5: 월 | C5: 맑음 | D5: 6 | E5: 19 | F5: 10시 | G5: 21시 | H5: 1802 | I5: 2028
A6: 2 | B6: 화 | C6: 구름조금 | D6: 7 | E6: 24 | F6: 10시 | G6: 21시 | H6: 1577 | I6: 1804
A7: 3 | B7: 수 | C7: 오전비(구름많음) | D7: 14 | E7: 20 | F7: 10시 | G7: 21시 | H7: 1053 | I7: 1115
A8: 4 | B8: 목 | C8: 구름많음 | D8: 12 | E8: 20 | F8: 10시 | G8: 21시 | H8: 2182 | I8: 2453
A9: 5 | B9: 금 | C9: 구름조금 | D9: 10 | E9: 19 | F9: 10시 | G9: 22시 | H9: 5749 | I9: 6394
A10: 6 | B10: 토 | C10: 구름조금 | D10: 8 | E10: 19 | F10: 9시30분 | G10: 22시 | H10: 14605 | I10: 17241
A11: 7 | B11: 일 | C11: 맑음(미세먼지) | D11: 8 | E11: 23 | F11: 9시30분 | G11: 22시 | H11: 10395 | I11: 13047
A12: 8 | B12: 월 | C12: 구름많음(미세먼지) | D12: 11 | E12: 23 | F12: 10시 | G12: 21시 | H12: 2269 | I12: 2576
A13: 9 | B13: 화 | C13: 맑음 | D13: 11 | E13: 21 | F13: 10시 | G13: 21시 | H13: 5501 | I13: 6073
A14: 10 | B14: 수 | C14: 구름많음 | D14: 10 | E14: 19 | F14: 9시30분 | G14: 22시 | H14: 13072 | I14: 15573
A15: 11 | B15: 목 | C15: 비예보(한때비) | D15: 12 | E15: 21 | F15: 10시 | G15: 21시 | H15: 2056 | I15: 2281
A16: 12 | B16: 금 | C16: 맑음 | D16: 12 | E16: 24 | F16: 10시 | G16: 22시 | H16: 5140 | I16: 5618
... A34: 30 | B34: 화 | C34: 흐림 | D34: 16 | E34: 23 | F34: 10시 | G34: 21시 | H34: 7641 | I34: 7846
H35: 0 | I35: 0
A36: 월 계 | H36: =SUM(H5:H35) -> 169697 | I36: =SUM(I5:I35) -> 196994
A37: 연 계 | H37: =H36+'3월'!H37 -> 413960 | I37: =I36+'3월'!I37 -> 488274

Sheet 5월
A1: 5월
A2: 일자 | B2: 요일 | C2: 날씨 | D2: 기온(℃) | F2: 운영시간 | H2: 주간보고 | I2: 일간보고
H3: 매표입장객 | I3: 실입장객
D4: 최저 | E4: 최고 | F4: 개장 | G4: 폐장 | I4: A
A5: 1 | B5: 수 | C5: 구름조금 | D5: 14 | E5: 24 | F5: 9시 | G5: 22시 | H5: 15579 | I5: 18208
A6: 2 | B6: 목 | C6: 맑음 | D6: 12 | E6: 24 | F6: 10시 | G6: 21시 | H6: 5437 | I6: 5809
A7: 3 | B7: 금 | C7: 맑음 | D7: 12 | E7: 28 | F7: 10시 | G7: 22시 | H7: 8799 | I7: 9688
A8: 4 | B8: 토 | C8: 구름조금 | D8: 15 | E8: 29 | F8: 9시 | G8: 22시 | H8: 18021 | I8: 20670
A9: 5 | B9: 일 | C9: 비 | D9: 16 | E9: 21 | F9: 9시 | G9: 19시 | H9: 669 | I9: 975
A10: 6 | B10: 월 | C10: 비 | D10: 13 | E10: 16 | F10: 9시30분 | G10: 19시 | H10: 970 | I10: 1620
A11: 7 | B11: 화 | C11: 비 | D11: 12 | E11: 15 | F11: 10시 | G11: 19시 | H11: 1627 | I11: 1661
A12: 8 | B12: 수 | C12: 맑음 | D12: 9 | E12: 21 | F12: 10시 | G12: 21시 | H12: 3615 | I12: 3888
A13: 9 | B13: 목 | C13: 맑음 | D13: 11 | E13: 22 | F13: 10시 | G13: 21시 | H13: 3972 | I13: 4193
A14: 10 | B14: 금 | C14: 맑음 | D14: 13 | E14: 24 | F14: 10시 | G14: 22시 | H14: 10428 | I14: 11182
A15: 11 | B15: 토 | C15: 흐림(오후비) | D15: 14 | E15: 22 | F15: 9시30분 | G15: 20시 | H15: 4932 | I15: 5989
A16: 12 | B16: 일 | C16: 구름조금(황사) | D16: 12 | E16: 22 | F16: 9시30분 | G16: 22시 | H16: 8013 | I16: 11616
... A35: 31 | B35: 금 | C35: 구름조금(소나기) | D35: 17 | E35: 25 | F35: 10시 | G35: 22시 | H35: 6061 | I35: 7040
A36: 월 계 | H36: =SUM(H5:H35) -> 181259 | I36: =SUM(I5:I35) -> 213205
A37: 연 계 | H37: =H36+'4월'!H37 -> 595219 | I37: =I36+'4월'!I37 -> 701479

Sheet 6월
A1: 6월
A2: 일자 | B2: 요일 | C2: 날씨 | D2: 기온(℃) | F2: 운영시간 | H2: 주간보고 | I2: 일간보고
H3: 매표입장객 | I3: 실입장객
D4: 최저 | E4: 최고 | F4: 개장 | G4: 폐장 | I4: A
A5: 1 | B5: 토 | C5: 구름조금 | D5: 18 | E5: 25 | F5: 9시30분 | G5: 22시 | H5: 9892 | I5: 12347
A6: 2 | B6: 일 | C6: 맑음 | D6: 16 | E6: 26 | F6: 9시30분 | G6: 22시 | H6: 7735 | I6: 10618
A7: 3 | B7: 월 | C7: 맑음 | D7: 16 | E7: 29 | F7: 10시 | G7: 21시 | H7: 1994 | I7: 2208
A8: 4 | B8: 화 | C8: 맑음 | D8: 16 | E8: 29 | F8: 10시 | G8: 21시 | H8: 1782 | I8: 2021
A9: 5 | B9: 수 | C9: 구름조금 | D9: 18 | E9: 30 | F9: 10시 | G9: 21시 | H9: 3442 | I9: 3826
A10: 6 | B10: 목 | C10: 구름조금 | D10: 19 | E10: 31 | F10: 9시30분 | G10: 22시 | H10: 13279 | I10: 15992
A11: 7 | B11: 금 | C11: 구름많음(저녁비) | D11: 18 | E11: 28 | F11: 10시 | G11: 22시 | H11: 14783 | I11: 16412
A12: 8 | B12: 토 | C12: 오전비(구름많음) | D12: 18 | E12: 25 | F12: 9시30분 | G12: 22시 | H12: 4400 | I12: 5888
A13: 9 | B13: 일 | C13: 구름조금 | D13: 17 | E13: 29 | F13: 9시30분 | G13: 22시 | H13: 5979 | I13: 8292
A14: 10 | B14: 월 | C14: 맑음 | D14: 19 | E14: 31 | F14: 10시 | G14: 21시 | H14: 1460 | I14: 1688
A15: 11 | B15: 화 | C15: 구름조금(미세먼지) | D15: 22 | E15: 32 | F15: 10시 | G15: 21시 | H15: 1108 | I15: 1241
A16: 12 | B16: 수 | C16: 구름조금 | D16: 19 | E16: 32 | F16: 10시 | G16: 21시 | H16: 1283 | I16: 1491
... A34: 30 | B34: 일 | C34: 흐림(비예보) | D34: 22 | E34: 25 | F34: 9시30분 | G34: 22시 | H34: 2774 | I34: 4241
H35: 0 | I35: 0
A36: 월 계 | H36: =SUM(H5:H35) -> 133868 | I36: =SUM(I5:I35) -> 163371
A37: 연 계 | H37: =H36+'5월'!H37 -> 729087 | I37: =I36+'5월'!I37 -> 864850

Sheet 7월
A1: 7월
A2: 일자 | B2: 요일 | C2: 날씨 | D2: 기온(℃) | F2: 운영시간 | H2: 주간보고 | I2: 일간보고
H3: 매표입장객 | I3: 실입장객
D4: 최저 | E4: 최고 | F4: 개장 | G4: 폐장 | I4: A
A5: 1 | B5: 월 | C5: 구름많음 | D5: 22 | E5: 31 | F5: 10시 | G5: 21시 | H5: 994 | I5: 1238
A6: 2 | B6: 화 | C6: 비(호우주의보) | D6: 22 | E6: 25 | F6: 10시 | G6: 17시 | H6: 32 | I6: 35
A7: 3 | B7: 수 | C7: 흐림(비예보) | D7: 24 | E7: 26 | F7: 10시 | G7: 21시 | H7: 706 | I7: 921
A8: 4 | B8: 목 | C8: 흐림(소나기) | D8: 23 | E8: 31 | F8: 10시 | G8: 21시 | H8: 690 | I8: 850
A9: 5 | B9: 금 | C9: 흐림(비예보) | D9: 21 | E9: 26 | F9: 10시 | G9: 22시 | H9: 1744 | I9: 2441
A10: 6 | B10: 토 | C10: 비예보(한때비) | D10: 22 | E10: 30 | F10: 9시30분 | G10: 22시 | H10: 2322 | I10: 3703
A11: 7 | B11: 일 | C11: 오후비(흐림) | D11: 22 | E11: 28 | F11: 9시30분 | G11: 22시 | H11: 3549 | I11: 5462
A12: 8 | B12: 월 | C12: 비(호우주의보) | D12: 23 | E12: 25 | F12: 10시 | G12: 18시 | H12: 163 | I12: 176
A13: 9 | B13: 화 | C13: 비예보(한때비) | D13: 23 | E13: 27 | F13: 10시 | G13: 19시 | H13: 233 | I13: 270
A14: 10 | B14: 수 | C14: 오후비(구름많음) | D14: 23 | E14: 31 | F14: 10시 | G14: 21시 | H14: 460 | I14: 572
A15: 11 | B15: 목 | C15: 구름조금(폭염주의보) | D15: 23 | E15: 29 | F15: 10시 | G15: 21시 | H15: 927 | I15: 1157
A16: 12 | B16: 금 | C16: 구름조금(폭염주의보) | D16: 22 | E16: 30 | F16: 10시 | G16: 22시 | H16: 1521 | I16: 2141
... A35: 31 | B35: 수 | C35: 구름많음(폭염경보) | D35: 27 | E35: 33 | F35: 10시 | G35: 22시 | H35: 4334 | I35: 5092
A36: 월 계 | H36: =SUM(H5:H35) -> 64077 | I36: =SUM(I5:I35) -> 82054
A37: 연 계 | H37: =H36+'6월'!H37 -> 793164 | I37: =I36+'6월'!I37 -> 946904

Sheet 8월
A1: 8월
A2: 일자 | B2: 요일 | C2: 날씨 | D2: 기온(℃) | F2: 운영시간 | H2: 주간보고 | I2: 일간보고
H3: 매표입장객 | I3: 실입장객
D4: 최저 | E4: 최고 | F4: 개장 | G4: 폐장 | I4: A
A5: 1 | B5: 목 | C5: 구름많음(폭염경보) | D5: 27 | E5: 33 | F5: 10시 | G5: 22시 | H5: 4049 | I5: 4756
A6: 2 | B6: 금 | C6: 비예보(폭염경보) | D6: 27 | E6: 33 | F6: 10시 | G6: 22시 | H6: 3596 | I6: 4345
A7: 3 | B7: 토 | C7: 구름많음(폭염경보) | D7: 28 | E7: 33 | F7: 9시30분 | G7: 22시 | H7: 3503 | I7: 4671
A8: 4 | B8: 일 | C8: 구름조금(폭염경보) | D8: 27 | E8: 34 | F8: 9시30분 | G8: 22시 | H8: 2134 | I8: 3111
A9: 5 | B9: 월 | C9: 폭염경보(소나기) | D9: 27 | E9: 34 | F9: 10시 | G9: 22시 | H9: 1252 | I9: 1519
A10: 6 | B10: 화 | C10: 폭염경보(소나기) | D10: 26 | E10: 34 | F10: 10시 | G10: 22시 | H10: 1261 | I10: 1470
A11: 7 | B11: 수 | C11: 폭염경보(소나기) | D11: 27 | E11: 33 | F11: 10시 | G11: 22시 | H11: 1202 | I11: 1459
A12: 8 | B12: 목 | C12: 폭염경보(한때비) | D12: 27 | E12: 32 | F12: 10시 | G12: 22시 | H12: 1298 | I12: 1538
A13: 9 | B13: 금 | C13: 폭염경보(소나기) | D13: 26 | E13: 34 | F13: 10시 | G13: 22시 | H13: 2014 | I13: 2508
A14: 10 | B14: 토 | C14: 구름많음(폭염경보) | D14: 26 | E14: 34 | F14: 9시30분 | G14: 22시 | H14: 3583 | I14: 4968
A15: 11 | B15: 일 | C15: 구름많음(폭염경보) | D15: 28 | E15: 34 | F15: 9시30분 | G15: 22시 | H15: 2668 | I15: 3954
A16: 12 | B16: 월 | C16: 구름조금(폭염경보) | D16: 28 | E16: 34 | F16: 10시 | G16: 22시 | H16: 1277 | I16: 1507
... A35: 31 | B35: 토 | C35: 맑음(폭염주의보) | D35: 23 | E35: 33 | F35: 9시30분 | G35: 22시 | H35: 6168 | I35: 8023
A36: 월 계 | H36: =SUM(H5:H35) -> 68491 | I36: =SUM(I5:I35) -> 89190
A37: 연 계 | H37: =H36+'7월'!H37 -> 861655 | I37: =I36+'7월'!I37 -> 1036094

Sheet 9월
A1: 9월
A2: 일자 | B2: 요일 | C2: 날씨 | D2: 기온(℃) | F2: 운영시간 | H2: 주간보고 | I2: 일간보고
H3: 매표입장객 | I3: 실입장객
D4: 최저 | E4: 최고 | F4: 개장 | G4: 폐장 | I4: A
A5: 1 | B5: 일 | C5: 구름조금(폭염주의보) | D5: 25 | E5: 32 | F5: 10시 | G5: 22시 | H5: 4191 | I5: 5891
A6: 2 | B6: 월 | C6: 오전비(구름많음) | D6: 22 | E6: 27 | F6: 10시 | G6: 21시 | H6: 615 | I6: 761
A7: 3 | B7: 화 | C7: 구름조금 | D7: 23 | E7: 32 | F7: 10시 | G7: 19시 | H7: 754 | I7: 845
A8: 4 | B8: 수 | C8: 구름조금 | D8: 23 | E8: 33 | F8: 10시 | G8: 19시 | H8: 1473 | I8: 1604
A9: 5 | B9: 목 | C9: 오후비(흐림) | D9: 26 | E9: 29 | F9: 10시 | G9: 19시 | H9: 2265 | I9: 2325
A10: 6 | B10: 금 | C10: 오전비(저녁비) | D10: 23 | E10: 26 | F10: 10시 | G10: 22시 | H10: 2374 | I10: 2659
A11: 7 | B11: 토 | C11: 구름조금 | D11: 23 | E11: 31 | F11: 9시30분 | G11: 22시 | H11: 12461 | I11: 14585
A12: 8 | B12: 일 | C12: 맑음 | D12: 23 | E12: 33 | F12: 9시30분 | G12: 22시 | H12: 4870 | I12: 7138
A13: 9 | B13: 월 | C13: 구름조금(폭염주의보) | D13: 24 | E13: 34 | F13: 10시 | G13: 21시 | H13: 1286 | I13: 1460
A14: 10 | B14: 화 | C14: 맑음(폭염주의보) | D14: 26 | E14: 34 | F14: 10시 | G14: 21시 | H14: 2192 | I14: 2297
A15: 11 | B15: 수 | C15: 폭염주의보(소나기) | D15: 25 | E15: 35 | F15: 10시 | G15: 21시 | H15: 1133 | I15: 1215
A16: 12 | B16: 목 | C16: 비 | D16: 25 | E16: 27 | F16: 10시 | G16: 19시 | H16: 818 | I16: 836
... A34: 30 | B34: 월 | C34: 구름조금 | D34: 18 | E34: 29 | F34: 9시30분 | G34: 22시 | H34: 3893 | I34: 4134
H35: 0 | I35: 0
A36: 월 계 | H36: =SUM(H5:H35) -> 138720 | I36: =SUM(I5:I35) -> 162997
A37: 연 계 | H37: =H36+'8월'!H37 -> 1000375 | I37: =I36+'8월'!I37 -> 1199091

Sheet 10월
A1: 10월
A2: 일자 | B2: 요일 | C2: 날씨 | D2: 기온(℃) | F2: 운영시간 | H2: 주간보고 | I2: 일간보고
H3: 매표입장객 | I3: 실입장객
D4: 최저 | E4: 최고 | F4: 개장 | G4: 폐장 | I4: A
A5: 1 | B5: 화 | C5: 오전비(구름많음) | D5: 13 | E5: 22 | F5: 9시30분 | G5: 22시 | H5: 9073 | I5: 10708
A6: 2 | B6: 수 | C6: 맑음 | D6: 12 | E6: 20 | F6: 9시30분 | G6: 22시 | H6: 5263 | I6: 5625
A7: 3 | B7: 목 | C7: 맑음 | D7: 11 | E7: 23 | F7: 9시30분 | G7: 22시 | H7: 17207 | I7: 18916
A8: 4 | B8: 금 | C8: 맑음 | D8: 12 | E8: 24 | F8: 9시30분 | G8: 22시 | H8: 14333 | I8: 15466
A9: 5 | B9: 토 | C9: 구름조금 | D9: 12 | E9: 24 | F9: 9시30분 | G9: 22시 | H9: 13140 | I9: 14871
A10: 6 | B10: 일 | C10: 흐림(한때비) | D10: 12 | E10: 18 | F10: 9시30분 | G10: 22시 | H10: 5893 | I10: 7149
A11: 7 | B11: 월 | C11: 구름많음 | D11: 14 | E11: 21 | F11: 10시 | G11: 21시 | H11: 2180 | I11: 2390
A12: 8 | B12: 화 | C12: 맑음 | D12: 13 | E12: 24 | F12: 10시 | G12: 21시 | H12: 10965 | I12: 11337
A13: 9 | B13: 수 | C13: 구름조금 | D13: 14 | E13: 24 | F13: 9시30분 | G13: 22시 | H13: 12749 | I13: 14807
A14: 10 | B14: 목 | C14: 비예보(구름조금) | D14: 15 | E14: 24 | F14: 10시 | G14: 21시 | H14: 3538 | I14: 3780
A15: 11 | B15: 금 | C15: 맑음 | D15: 14 | E15: 24 | F15: 10시 | G15: 22시 | H15: 11985 | I15: 12572
A16: 12 | B16: 토 | C16: 맑음(미세먼지) | D16: 13 | E16: 25 | F16: 9시30분 | G16: 22시 | H16: 17365 | I16: 19163
... A35: 31 | B35: 목 | C35: 맑음(미세먼지) | D35: 11 | E35: 23 | F35: 10시 | G35: 21시 | H35: 5775 | I35: 6100
A36: 월 계 | H36: =SUM(H5:H35) -> 262736 | I36: =SUM(I5:I35) -> 286602
A37: 연 계 | H37: =H36+'9월'!H37 -> 1263111 | I37: =I36+'9월'!I37 -> 1485693

Sheet 11월
A1: 11월
A2: 일자 | B2: 요일 | C2: 날씨 | D2: 기온(℃) | F2: 운영시간 | H2: 주간보고 | I2: 일간보고
H3: 매표입장객 | I3: 실입장객
D4: 최저 | E4: 최고 | F4: 개장 | G4: 폐장 | I4: A
A5: 1 | B5: 금 | C5: 흐림 | D5: 13 | E5: 19 | F5: 10시 | G5: 22시 | H5: 7194 | I5: 7736
A6: 2 | B6: 토 | C6: 맑음 | D6: 13 | E6: 25 | F6: 9시30분 | G6: 22시 | H6: 17052 | I6: 18560
A7: 3 | B7: 일 | C7: 구름조금 | D7: 13 | E7: 24 | F7: 9시30분 | G7: 22시 | H7: 12094 | I7: 13750
A8: 4 | B8: 월 | C8: 구름조금 | D8: 9 | E8: 18 | F8: 10시 | G8: 20시 | H8: 3012 | I8: 3197
A9: 5 | B9: 화 | C9: 구름조금 | D9: 6 | E9: 15 | F9: 10시 | G9: 20시 | H9: 2287 | I9: 2435
A10: 6 | B10: 수 | C10: 맑음 | D10: 4 | E10: 13 | F10: 10시 | G10: 20시 | H10: 1803 | I10: 1924
A11: 7 | B11: 목 | C11: 맑음 | D11: 2 | E11: 16 | F11: 10시 | G11: 20시 | H11: 1781 | I11: 1884
A12: 8 | B12: 금 | C12: 맑음 | D12: 3 | E12: 18 | F12: 10시 | G12: 20시 | H12: 5022 | I12: 5359
A13: 9 | B13: 토 | C13: 맑음 | D13: 7 | E13: 20 | F13: 10시 | G13: 22시 | H13: 14920 | I13: 16389
A14: 10 | B14: 일 | C14: 구름조금 | D14: 10 | E14: 21 | F14: 10시 | G14: 22시 | H14: 9581 | I14: 11306
A15: 11 | B15: 월 | C15: 맑음 | D15: 10 | E15: 22 | F15: 10시 | G15: 20시 | H15: 4355 | I15: 4556
A16: 12 | B16: 화 | C16: 맑음(미세먼지) | D16: 11 | E16: 19 | F16: 10시 | G16: 20시 | H16: 2357 | I16: 2513
... A34: 30 | B34: 토 | C34: 비예보(한때비) | D34: -1 | E34: 6 | F34: 10시 | G34: 21시 | H34: 3590 | I34: 4024
H35: 0 | I35: 0
A36: 월 계 | H36: =SUM(H5:H35) -> 133962 | I36: =SUM(I5:I35) -> 149191
A37: 연 계 | H37: =H36+'10월'!H37 -> 1397073 | I37: =I36+'10월'!I37 -> 1634884

Sheet 12월
A1: 12월
A2: 일자 | B2: 요일 | C2: 날씨 | D2: 기온(℃) | F2: 운영시간 | H2: 주간보고 | I2: 일간보고
H3: 매표입장객 | I3: 실입장객
D4: 최저 | E4: 최고 | F4: 개장 | G4: 폐장 | I4: A
A5: 1 | B5: 일 | C5: 구름많음 | D5: 2 | E5: 8 | F5: 10시 | G5: 20시 | H5: 2643 | I5: 3525
A6: 2 | B6: 월 | C6: 비예보(한때비) | D6: 1 | E6: 13 | F6: 10시 | G6: 19시 | H6: 424 | I6: 516
A7: 3 | B7: 화 | C7: 구름조금 | D7: -2 | E7: 5 | F7: 10시 | G7: 19시 | H7: 308 | I7: 342
A8: 4 | B8: 수 | C8: 맑음 | D8: -1 | E8: 7 | F8: 10시 | G8: 19시 | H8: 337 | I8: 402
A9: 5 | B9: 목 | C9: 비예보(한때비) | D9: 0 | E9: 9 | F9: 10시 | G9: 19시 | H9: 353 | I9: 394
A10: 6 | B10: 금 | C10: 맑음 | D10: 0 | E10: 5 | F10: 10시 | G10: 19시 | H10: 918 | I10: 1000
A11: 7 | B11: 토 | C11: 맑음 | D11: -3 | E11: 5 | F11: 10시 | G11: 21시 | H11: 3398 | I11: 3983
A12: 8 | B12: 일 | C12: 맑음 | D12: -4 | E12: 4 | F12: 10시 | G12: 20시 | H12: 1423 | I12: 2074
A13: 9 | B13: 월 | C13: 맑음 | D13: -4 | E13: 7 | F13: 10시 | G13: 19시 | H13: 413 | I13: 461
A14: 10 | B14: 화 | C14: 구름조금 | D14: -2 | E14: 7 | F14: 10시 | G14: 19시 | H14: 489 | I14: 529
A15: 11 | B15: 수 | C15: 구름조금 | D15: 0 | E15: 8 | F15: 10시 | G15: 19시 | H15: 391 | I15: 452
A16: 12 | B16: 목 | C16: 구름조금 | D16: -3 | E16: 5 | F16: 10시 | G16: 19시 | H16: 398 | I16: 439
... A35: 31 | B35: 화 | C35: 맑음 | D35: -2 | E35: 5 | F35: 10시 | G35: 20시 | H35: 2044 | I35: 2543
A36: 월 계 | H36: =SUM(H5:H35) -> 52708 | I36: =SUM(I5:I35) -> 64802
A37: 연 계 | H37: =H36+'11월'!H37 -> 1449781 | I37: =I36+'11월'!I37 -> 1699686
